Image,Eye Ball Distance,Eye Distance,Eye Width,Face Width,Nose Length,Nose Width,Lip Thickness,Brow Width,Face Length,Face area,Area Rate,Jaw Length,Forehead Length,Face Type,Face Length/Face Width,long or short,Width Jaw ratio,Square or round,Face type2
001.jpg,3.734127301,3.734127301,2.955434531,14.5839266,5.728902916,3.657108134,1.173738749,5.48998947,18.2212405,34606.372,0.812751621,13.0307074,13.20735539,4,1.2494056641782605,0,1.1191968442173752,1,1
002.jpg,4.385580188,4.385580188,3.652427123,16.12444428,5.486960175,3.721496508,1.597424932,6.561894223,19.90634181,43904.3187,0.85366055,15.02973563,13.67913823,4,1.2345443640926521,0,1.072836188004193,0,0
003.jpg,4.163000551,4.163000551,3.353028604,15.88966038,4.856258669,3.509994212,1.779586782,5.718807286,18.66449213,40049.25175,0.84278694,14.31116723,13.87723786,4,1.1746312812004858,1,1.1102980018772375,1,3
004.jpg,4.188600746,4.188600746,2.683051496,15.75383632,5.937768208,3.750716666,1.652292497,6.822629007,20.23861753,43630.63189,0.854040593,14.25671236,13.88025548,4,1.2846786724771557,0,1.1050118654424477,1,1
005.jpg,4.387782306,4.387782306,3.641489468,16.98598637,6.137622753,3.931639491,1.966930157,5.543065822,19.62623425,43772.41754,0.819458504,14.67373215,15.64992408,2,1.1554368302486753,1,1.157577785689648,1,3
006.jpg,3.693780227,3.693780227,3.314302245,15.45669534,5.84116756,3.737503116,1.295958112,5.339158796,18.28502432,38033.80927,0.839869514,14.26043379,14.02645232,2,1.18298406727864,1,1.0838867574167952,0,2
007.jpg,4.730188439,4.730188439,3.837371246,16.85953118,7.33035237,4.094832324,1.700139414,5.624673994,19.79312065,42699.86077,0.798584499,14.33174064,16.16031816,2,1.1740018413726732,1,1.176377078227673,1,3
008.jpg,4.713783526,4.713783526,4.142806817,17.43427354,5.723680018,3.779465922,1.730966194,6.12101948,19.47209877,45891.83657,0.843670767,15.29214517,16.22203692,2,1.1168861567603923,1,1.140080305685458,1,3
009.jpg,5.422664995,5.422664995,4.272201259,19.53958806,7.434391465,4.795705784,1.470535932,6.322296917,23.25427869,60606.2279,0.832440422,17.44090699,18.04804285,2,1.1901110002213628,1,1.1203309593476596,1,3
010.jpg,4.545101031,4.545101031,3.517415225,17.16602489,5.497273973,3.997231891,2.024517922,5.534359068,19.9665758,46015.49596,0.837886052,15.19537417,15.80036415,2,1.1631449871444293,1,1.1296875416131988,1,3
011.jpg,4.280911255,4.280911255,3.196802405,15.56142386,6.05506458,3.992332608,1.828882846,5.539767337,19.41299365,40249.01547,0.831510236,14.61619239,13.47386091,4,1.2475075433103717,0,1.0646701579165516,0,0
012.jpg,4.213355617,4.213355617,3.469778691,15.83693606,5.51043366,3.552755002,1.66027859,4.975355668,18.34136187,38636.30993,0.830131858,14.29087664,14.1194007,4,1.1581382788003756,1,1.1081850651255778,1,3
013.jpg,3.634056923,3.634056923,3.555395281,14.25471245,5.473250912,3.569006281,1.19326464,5.787144496,18.58969869,35797.19046,0.843086846,13.5364415,12.5410936,4,1.304108992391495,0,1.0530620215069078,0,0
014.jpg,3.821481765,3.821481765,2.814712301,14.48231497,5.225805413,3.117418317,1.498905602,4.57688842,17.47836404,33117.73528,0.816537329,12.48028048,12.75164736,4,1.2068763920827776,0,1.1604158250456242,1,1
015.jpg,4.182504069,4.182504069,3.688261381,17.67399585,6.4313116,3.905759763,1.663970493,5.518492435,21.51093486,50989.76534,0.837034121,15.74133475,15.57284339,2,1.217095163004692,0,1.12277618961124,1,1
016.jpg,4.217252497,4.217252497,2.970607502,15.70678957,4.977021793,4.008033107,1.604237502,6.04245418,18.61648338,39984.08415,0.853407123,14.77125294,13.66289028,4,1.1852507030181088,1,1.063334954306185,0,2
017.jpg,4.7777702,4.7777702,4.556286093,18.03558927,7.850906508,4.221328615,1.675461316,7.929569373,22.69866864,54105.70058,0.82483387,15.802649,17.12631939,2,1.2585487671177158,0,1.1413016431612193,1,1
018.jpg,4.102593064,4.102593064,3.500729816,14.89722422,4.864870011,3.409553814,1.034354179,5.195592927,17.19451121,33897.03742,0.825887202,13.14404993,13.83834105,2,1.1542090631163233,1,1.1333815908594924,1,3
019.jpg,3.932210475,3.932210475,3.289744561,15.74789908,4.791020435,3.50344811,1.693794058,5.036346911,18.50665884,39483.22176,0.84550489,14.11804262,13.53230012,4,1.1751827177698677,1,1.1154449312747576,1,3
020.jpg,4.121217476,4.121217476,3.25860167,16.35629002,5.205289211,3.57511514,1.483464022,5.310142462,18.67596555,41290.2455,0.84359458,15.19643471,13.89463792,2,1.14182161891013,1,1.0763241728822588,0,2
021.jpg,3.653421546,3.653421546,3.185955791,15.36022067,3.623762517,3.632372615,1.320864888,5.017852676,18.22740464,37340.5013,0.832361601,14.47049666,12.63657962,4,1.1866629413469227,1,1.0614853816634653,0,2
022.jpg,3.620066254,3.620066254,2.514610981,14.18953659,5.025760735,3.254849122,1.413741755,5.796852552,18.529832,36230.88092,0.859989962,13.1966632,12.3797912,4,1.3058799970295576,0,1.0752366999864027,0,0
023.jpg,3.892896949,3.892896949,3.064904287,15.95777343,4.678697295,3.490110278,1.982753283,5.448705078,18.13481085,39229.25083,0.846016576,14.29453106,13.87456056,2,1.1364248859372357,1,1.1163551545006052,1,3
024.jpg,4.366270819,4.366270819,3.516656121,16.08221902,5.644970173,3.884548944,1.751711782,5.211704655,19.25556508,41040.07287,0.827103894,14.44297735,14.51104754,4,1.197320161854132,1,1.113497489490974,1,3
025.jpg,3.996570588,3.996570588,3.311060777,16.39698322,5.241942951,3.380734069,1.957017181,5.253957547,18.18758912,39735.94342,0.831569638,14.51061339,14.18558364,2,1.1092033745461136,1,1.129999317003373,1,3
026.jpg,2.991774592,2.991774592,2.000538803,13.76516876,5.400485409,3.087867318,1.800044261,6.588093179,17.93144158,33639.89604,0.850573958,12.13120563,12.85917087,4,1.3026677618444251,0,1.1346909103543075,1,1
027.jpg,4.085262712,4.085262712,3.470986627,15.34613581,5.41590309,3.509561011,1.568884758,5.610223335,18.22839162,37553.37224,0.837829672,13.56229465,14.05131238,4,1.1878163888085649,1,1.1315294502910684,1,3
028.jpg,4.634755767,4.634755767,2.989136159,17.18208456,5.2878901,4.105543948,1.772607329,6.647088213,20.01814493,46992.45031,0.852673159,15.91095558,14.97118057,2,1.1650591556627747,1,1.0798901721275498,0,2
029.jpg,3.510954323,3.510954323,3.423738797,14.30447171,5.580555319,3.195533184,1.122145149,6.117600315,17.73095921,34144.67348,0.840181458,12.61847032,12.78347146,4,1.2395396047799938,0,1.133613769913753,1,1
030.jpg,4.543798359,4.543798359,3.871464675,16.89485523,6.288105304,4.223160933,1.772814267,5.69506001,20.33854634,46427.81207,0.843253236,15.92840439,14.56824316,2,1.203830755760788,0,1.0606746800455886,0,0
031.jpg,4.355134468,4.355134468,3.461480296,16.3207993,6.068397292,3.932783839,1.583050101,6.023782496,19.27073002,41530.38307,0.824101165,14.55428926,15.06174968,4,1.1807467064434765,1,1.1213738444002865,1,3
032.jpg,4.645699992,4.645699992,3.849047361,17.43174237,6.557366208,4.201218097,1.678642342,5.422629537,21.06663703,48935.54567,0.831653858,15.91654552,15.29844091,4,1.208521591407618,0,1.0951963381813015,0,0
033.jpg,3.463453517,3.463453517,2.430358235,13.90824441,5.228602512,3.120480533,1.141763677,5.881298446,18.41364108,34672.74461,0.844948844,12.47781597,12.45833484,4,1.3239371222697691,0,1.1146377253390443,1,1
034.jpg,4.720332473,4.720332473,3.583871612,16.46312426,6.020819511,3.792580727,1.787267272,5.376236818,19.03679245,41833.72873,0.833057018,14.34259241,15.16195871,2,1.156329269545342,1,1.1478485750261938,1,3
035.jpg,3.832699269,3.832699269,4.227235452,16.18618587,5.636702692,3.568749222,1.601232793,7.287081183,19.75697853,43358.9151,0.846189318,14.06593346,15.02034108,4,1.2206074172556134,0,1.1507367012668919,1,1
036.jpg,3.034133388,3.034133388,2.925905408,13.81212255,5.371479586,2.887749355,1.706613806,5.990903286,17.87076226,33072.28907,0.836209193,12.04860976,12.7985891,2,1.2938461988957664,0,1.1463664958138706,1,1
037.jpg,4.117611424,4.117611424,3.327306507,16.4324733,5.579605634,3.61952649,1.5559559,5.248338441,18.52464495,40917.74078,0.838905422,14.64151719,14.51276294,2,1.1273193396882013,1,1.1223203911697899,1,3
039.jpg,4.741633365,4.741633365,3.40517279,15.70483189,5.816931417,3.867323344,2.197669062,5.192822463,19.24701982,40231.83509,0.830667539,13.62345368,14.89131056,4,1.2255476502270282,0,1.1527790425900284,1,1
040.jpg,4.789518781,4.789518781,4.48395495,19.43660858,7.160915288,4.722567781,1.966664717,6.424665966,23.65840645,60504.21537,0.821171444,17.76526879,16.92363787,2,1.217208565610781,0,1.0940790600894703,0,0
041.jpg,4.784851984,4.784851984,3.853718135,18.51298369,6.549178326,4.350104157,1.687210775,5.805250366,21.67689369,53561.43711,0.832976861,16.84020236,16.39865939,2,1.1709022193817966,1,1.0993326145517885,0,2
042.jpg,4.068033577,4.068033577,3.683350895,16.28090145,5.675333647,3.939735411,1.314187084,6.302338804,19.15531653,41481.03308,0.830110612,15.20430421,14.19566623,2,1.1765513469157445,1,1.0708087147645937,0,2
043.jpg,4.19761878,4.19761878,2.995942682,16.09192006,5.88297115,3.95662485,1.271421788,5.862138787,19.62612898,42222.37218,0.834361579,15.05451241,14.07187506,2,1.2196263035624353,0,1.0689100796988218,0,0
044.jpg,4.172773039,4.172773039,2.942068384,16.71052562,5.711787194,3.851926577,1.027193881,6.303046123,20.22977802,45247.47178,0.835347684,15.4795029,14.39384116,4,1.210600939792581,0,1.0795259852950445,0,0
045.jpg,4.051430711,4.051430711,3.013938212,14.89193466,5.30112843,3.411719376,1.602173807,5.397567229,17.91327642,35305.49221,0.825981468,12.99291326,13.68106148,2,1.2028844357016537,0,1.1461582450370333,1,1
046.jpg,3.400588076,3.400588076,2.579773718,13.92696854,5.253334052,2.990682842,2.093047742,6.080032024,18.37456639,34411.71815,0.839241296,12.48052663,12.30910524,4,1.319351468140819,0,1.1158959035048348,1,1
047.jpg,3.90643992,3.90643992,3.089511209,16.33178389,5.553312236,3.675302138,1.548319978,5.456439029,18.94271047,41288.75728,0.832933344,14.47149672,14.7175806,2,1.1598678134357803,1,1.1285483599929946,1,3
048.jpg,4.151897315,4.151897315,3.493358018,16.23058479,5.01091001,3.758008952,1.832918354,5.92196677,19.17949722,42209.61571,0.846241258,14.89524975,14.06300388,4,1.1816886124655768,1,1.0896483820286398,0,2
049.jpg,4.118878838,4.118878838,3.80279123,16.87528212,6.327459447,3.970685577,1.765068793,5.353317574,20.3792967,46319.60566,0.840579514,15.58334237,14.73986109,4,1.20764183704207,0,1.082905176522795,0,0
050.jpg,4.877658532,4.877658532,4.865461541,19.00616066,6.792558208,4.55748175,1.841828084,8.175608659,20.832011,52903.23977,0.833894019,17.04636165,17.62758629,2,1.0960662372933978,1,1.1149687569839866,1,3
051.jpg,4.113391685,4.113391685,3.453106806,15.32036165,5.763287078,3.711634673,1.809321455,5.030907802,19.11743034,39196.47954,0.835223512,14.06024683,13.42366773,4,1.2478445859664153,0,1.089622524784652,0,0
052.jpg,4.402549224,4.402549224,3.573647056,16.08221295,5.567160794,3.517427073,1.801821614,5.137378191,18.76762576,39882.24527,0.824667044,13.59919239,14.90678998,2,1.1669803041626807,1,1.1825858836901122,1,3
053.jpg,4.249641506,4.249641506,3.461477964,17.09085161,5.959796645,4.077603226,1.683384211,5.782226323,19.87896473,45321.31146,0.832528643,15.53193683,14.85016965,4,1.1631348269602113,1,1.100368344081142,1,3
054.jpg,3.843780622,3.843780622,2.964954586,15.502325,5.528676957,3.515078858,1.175032316,5.339503918,18.69451878,38743.36588,0.834334885,13.9865323,13.95778485,4,1.2059170982417153,0,1.1083751617261128,1,1
055.jpg,3.675131584,3.675131584,2.646066106,14.23433989,5.064840278,3.13085779,1.536007626,5.933263815,18.81540455,36834.33974,0.858333731,12.82579931,12.65353274,4,1.3218319005588957,0,1.1098208810192274,1,1
056.jpg,4.014627578,4.014627578,2.007549598,13.97815165,7.502334657,3.566403221,1.572052695,7.44160544,20.45124202,37298.46468,0.814283626,12.66327447,13.73574843,4,1.4630862886653544,0,1.1038339003955902,1,1
057.jpg,4.099020361,4.099020361,3.188315136,17.05818612,5.996142866,3.982931198,1.311357842,5.790642021,20.61090255,46478.56003,0.825043769,15.70231918,14.53764333,4,1.2082704693809496,0,1.0863481963687862,0,0
058.jpg,3.509221596,3.509221596,2.959270635,15.32628042,5.757503027,3.609460505,2.04152471,6.766977179,19.82415101,41580.51226,0.854107732,13.66331408,14.10581034,4,1.2934743764788823,0,1.1217103208096642,1,1
059.jpg,4.776622576,4.776622576,3.334860055,17.28048066,5.448452593,3.842592949,1.531303289,5.296542271,20.22568478,47241.8716,0.843572133,16.08917524,14.56162889,2,1.170435312416825,1,1.0740439085428222,0,2
060.jpg,3.879416731,3.879416731,3.477716677,15.49827939,5.799992814,3.340420004,1.690172022,4.960473964,18.9555637,38861.41304,0.825567487,13.36486287,14.21036698,4,1.2230753635936356,0,1.1596287624311405,1,1
061.jpg,4.563319738,4.563319738,3.830105121,17.11163423,5.561455505,4.031383346,1.5372178,5.380355006,19.61257122,45377.30783,0.843853171,15.89304776,15.09257517,2,1.1461541870510166,1,1.076674184108788,0,2
062.jpg,4.567209206,4.567209206,3.668515344,17.80290283,6.245765276,4.323724587,2.188287701,6.788538041,20.66108747,49318.36833,0.83679463,16.09383779,15.95938092,2,1.1605459888925316,1,1.1061937533048791,1,3
063.jpg,4.04423516,4.04423516,2.871553159,15.24872239,5.136945845,3.471840511,1.329573726,5.771826542,18.84514041,38419.43861,0.834396285,13.61961792,13.45219698,4,1.2358504488453737,0,1.1196145500974524,1,1
064.jpg,4.842404104,4.842404104,3.532521098,16.80979317,5.588157628,4.376039109,1.137909985,5.236490709,20.51835252,46705.85485,0.84512442,16.2528855,14.18972146,4,1.2206189756468016,0,1.034265156793235,0,0
065.jpg,3.393001805,3.393001805,3.378872959,14.70640338,5.082197432,3.316751287,1.04525947,4.793023047,16.84024703,32592.03282,0.821316787,12.57221473,13.6178268,2,1.1450962274638765,1,1.1697543906013128,1,3
066.jpg,4.379329688,4.379329688,3.743348883,16.18090557,5.912659928,3.724696047,1.942782466,6.454057497,19.53240558,42783.4759,0.844834598,14.79600442,14.10674071,4,1.2071268505647672,0,1.0935996712820664,0,0
067.jpg,3.779702532,3.779702532,3.128387997,14.22845313,4.608590204,3.225542406,1.66617363,5.799705987,17.8301161,34504.70188,0.848829772,12.80066875,12.65620515,4,1.253131028165393,0,1.111539827167233,1,1
068.jpg,4.384966274,4.384966274,3.577367767,16.64853874,5.622733606,3.561333091,1.869903972,5.710332325,19.61017156,44056.2912,0.842179377,15.03617127,14.75421856,2,1.17789145739766,1,1.107232582088033,1,3
069.jpg,3.811747738,3.811747738,3.11141092,14.31761882,4.861922303,3.277984795,1.548658571,5.109628834,16.71203105,32427.35488,0.845796098,12.50746203,13.19445783,4,1.1672353664462203,1,1.1447261471318655,1,3
070.jpg,3.955195829,3.955195829,3.336457167,15.15109688,5.411319156,3.354789037,1.599172666,5.93840986,18.3482227,36986.90189,0.830355487,13.0012039,13.6501149,2,1.2110161294143873,0,1.1653610693698913,1,1
071.jpg,4.987925422,4.987925422,4.042847414,18.65877235,6.094899773,4.378260423,2.345575113,6.754400598,23.00056789,58667.75082,0.853162968,17.28038385,16.13557837,4,1.2326945984739452,0,1.0797660811220926,0,0
072.jpg,4.280081985,4.280081985,3.108995774,16.73481535,6.149083322,4.129917731,1.130419836,6.096785078,21.16885913,46824.7187,0.824918383,15.46022552,14.63549548,2,1.2649592294425884,0,1.0824431589533503,0,0
073.jpg,5.047484586,5.047484586,3.647010708,18.48254013,7.431526703,4.356413267,1.53395232,7.925122854,21.38862888,51980.91747,0.820641585,16.25338679,17.64014882,4,1.1572342724300633,1,1.1371500825521177,1,3
074.jpg,3.808956661,3.808956661,3.605526998,15.88543604,5.953784936,3.721200885,1.446566326,6.128686932,18.34994246,39108.7507,0.837325425,14.10197724,14.55758935,2,1.155142510019511,1,1.126468705036713,1,3
075.jpg,4.498742057,4.498742057,2.966024215,16.1630974,4.829916963,3.567506769,1.862806846,5.74718208,19.32558682,42749.04043,0.854128618,14.97531947,14.0112164,2,1.1956611002047168,1,1.0793156988990766,0,2
076.jpg,5.072888291,5.072888291,3.84985174,17.7665552,5.664453489,4.650010027,1.341490126,6.035803229,22.05738362,52115.44242,0.829971893,16.50470438,15.60690526,2,1.2415115576259825,0,1.0764540091689907,0,0
077.jpg,5.276795654,5.276795654,4.222862147,19.78808141,6.635434136,5.128959788,1.655555402,6.022011847,23.70959525,63484.12504,0.84448413,18.68924173,17.51910362,2,1.1981755461152612,1,1.0587953056563093,0,2
078.jpg,4.939401721,4.939401721,3.393386463,17.90622876,6.49886668,4.363318179,1.398090448,5.670321032,20.76678594,49264.16405,0.826821737,16.5159289,15.77455303,4,1.1597520738923028,1,1.0841793318691268,0,2
079.jpg,4.11604723,4.11604723,3.163555485,16.42849702,4.950889632,3.651234726,1.539659649,5.403531933,18.17469441,39650.38694,0.828775038,14.48003859,14.44524735,2,1.1062907573269902,1,1.1345616876563862,1,3
080.jpg,3.854053104,3.854053104,3.068843346,14.48596741,4.482971513,3.060133892,1.521844033,5.217132172,17.82446495,34493.64056,0.833737259,12.48968723,13.02328875,4,1.2304642448453498,0,1.1598342811343565,1,1
081.jpg,4.376747381,4.376747381,3.627857052,17.03890812,5.997688711,3.918481429,1.444613579,5.806373269,19.34156355,43864.30332,0.830676795,14.9907791,15.8154077,2,1.1351410204094698,1,1.1366259222644406,1,3
082.jpg,4.021798632,4.021798632,3.306717065,13.94791177,5.088686037,3.618778087,1.932787606,5.285349319,17.88811763,33432.23766,0.836268608,12.65412392,12.73877991,4,1.2824943206534207,0,1.1022423881873917,1,1
083.jpg,3.888772746,3.888772746,2.942759842,14.91476969,5.852967097,3.451740152,1.256578243,5.640495535,18.44867571,37291.69071,0.845832771,13.47218941,13.39354872,2,1.2369400328299671,0,1.107078384670662,1,1
084.jpg,4.849746667,4.849746667,4.142329308,17.23355034,6.538927652,4.05082129,2.141914204,7.533998378,21.22906384,49558.04132,0.845400919,15.55375126,15.40405512,2,1.2318450592694294,0,1.1079996106354089,1,1
085.jpg,5.368706725,5.368706725,4.291554459,19.59496524,7.68179924,4.640193301,1.973587286,6.322261317,23.06049019,60392.82174,0.834116039,17.54353046,18.06021675,2,1.1768579279194475,1,1.1169339765834112,1,3
086.jpg,5.827837799,5.827837799,4.295331164,19.95787453,7.730930885,5.027489812,2.423616856,7.247059725,24.83555321,66485.73321,0.837133109,18.31825821,17.90596021,4,1.2443987045147538,0,1.0895072174004474,0,0
087.jpg,3.76731026,3.76731026,2.7529227,15.24985976,5.222083683,3.761102283,1.521873116,5.706011696,18.99165371,38976.10782,0.839893109,14.33509311,13.25145473,4,1.2453657941048504,0,1.063813094409681,0,0
088.jpg,3.646286662,3.646286662,3.100118576,15.14670099,5.140454734,3.437686051,1.893868399,4.696772693,19.07926616,38516.71273,0.831809121,13.49822031,13.35344269,4,1.2596317952401859,0,1.1221257797058433,1,1
089.jpg,4.562088923,4.562088923,3.540071522,16.16172301,5.570213385,3.652570522,1.663091648,5.951361258,18.81496114,40870.46128,0.838827649,14.44263581,14.59243529,2,1.1641680239389278,1,1.1190286331813277,1,3
090.jpg,3.96109852,3.96109852,3.317010496,15.39459442,5.107457788,3.498323507,1.451964855,5.222662498,18.1251694,37186.68228,0.831747089,14.13053695,13.27248263,2,1.1773723233950584,1,1.0894557280075616,0,2
091.jpg,3.522454027,3.522454027,2.908013704,15.4578919,5.406166262,3.595855732,1.215446066,4.774978887,18.73925068,38220.47537,0.823469997,14.00770335,13.47268452,2,1.212277249784623,0,1.103527931293605,1,1
092.jpg,4.413950852,4.413950852,3.663268878,16.28405829,5.148414249,3.666606065,1.631409742,5.289962939,18.45659874,40247.67361,0.8357582,14.42338377,14.85382002,2,1.1334151727603525,1,1.129004022195549,1,3
093.jpg,4.817899189,4.817899189,4.02792316,16.82053232,6.587722401,4.193226384,1.739484203,5.580439151,19.82662166,44433.51803,0.831527138,15.2896304,15.21430753,2,1.1787154700464317,1,1.1001268101287787,1,3
094.jpg,4.018292984,4.018292984,3.498176372,16.09299252,5.280572585,3.678679506,1.620876858,5.479857516,18.36694794,39660.42783,0.837409287,14.29653824,14.48837764,2,1.1413009679320971,1,1.125656592515084,1,3
095.jpg,3.938739927,3.938739927,3.715690607,15.74854763,5.969346978,3.714824633,1.827634975,6.148580722,19.14120694,40249.36041,0.833303756,13.86801349,14.60256549,4,1.2154268056780801,0,1.1356022721895982,1,1
096.jpg,5.588580445,5.588580445,4.928903697,20.09082943,7.426272319,4.923299555,2.17645195,7.80569181,24.36162801,65679.17854,0.837486318,18.19703997,18.3631419,2,1.2125745278401878,0,1.104071291986067,1,1
097.jpg,4.852217872,4.852217872,3.591270941,18.14485795,5.640838562,4.160638184,1.92344707,5.629409107,19.95121991,48656.10275,0.838819416,16.90069944,15.23640603,2,1.0995522789419248,1,1.0736158000097538,0,2
098.jpg,3.474247068,3.474247068,3.139366608,13.2463348,5.417144228,3.137942747,1.404495853,5.677184196,17.22022287,30467.38949,0.833594675,11.9536179,12.02211141,4,1.2999990661567757,0,1.108144405385419,1,1
099.jpg,5.309156927,5.309156927,4.298247767,18.74748503,7.116811285,4.460592021,2.712184907,6.14724442,22.81768815,57065.53152,0.832555882,16.41151728,17.74064139,2,1.2171066206206753,0,1.142337098401422,1,1
100.jpg,3.7540516,3.7540516,2.778835851,14.43310328,5.119357531,3.051009875,1.155421523,5.137792448,17.37294246,32978.75166,0.820833919,12.36594076,12.66740781,4,1.203687254429458,0,1.167165811329667,1,1
101.jpg,4.121343829,4.121343829,3.18133389,14.85683942,5.18447229,3.465565061,1.73174174,4.95348757,18.59904586,37032.63061,0.836414689,13.19304181,13.31640941,4,1.25188442401567,0,1.126111751479396,1,1
102.jpg,4.520905811,4.520905811,4.091341267,17.89041963,6.474607238,4.178665185,2.310384257,6.31117045,20.71336781,48970.67684,0.824743772,15.61394255,16.45371004,2,1.1577910545634307,1,1.1457977107774102,1,3
103.jpg,3.895146254,3.895146254,3.406524546,15.64593625,5.544088802,3.53301575,1.239409587,4.999683977,18.4674993,38349.47766,0.828331139,13.82306857,13.8363539,4,1.1803383961761955,1,1.1318714199216333,1,3
104.jpg,4.252473594,4.252473594,3.401724341,15.71094663,5.645243381,3.811489723,1.417551635,5.733489505,18.86447974,39504.64722,0.831869468,14.4793671,13.69103118,4,1.2007220305858808,0,1.0850575526881974,0,0
105.jpg,3.68048877,3.68048877,3.395478445,14.32207566,5.91589915,3.473357982,1.2192337,5.651206137,18.15279562,34544.93541,0.829256885,13.3248227,12.78918363,4,1.2674696078235912,0,1.0748417432976425,0,0
106.jpg,4.976447783,4.976447783,3.756895302,16.90035123,6.537505386,4.312570731,2.318660898,5.856577074,20.83566893,46374.11773,0.821914542,14.88256512,15.75416874,2,1.2328541961314021,0,1.1355805329074884,1,1
107.jpg,4.743714921,4.743714921,3.81932893,18.88073545,6.584502347,4.297104104,2.284569808,6.267178149,22.87346376,57990.51317,0.838031401,17.08181395,16.76820211,2,1.2114710160826918,0,1.1053120883569862,1,1
108.jpg,4.101381136,4.101381136,3.218761973,14.66464268,5.100457425,3.666508865,1.077577797,5.153060329,17.63653457,34450.50463,0.831313878,13.51853055,13.08370765,4,1.202656958976105,0,1.08478082183274,0,0
109.jpg,4.661375348,4.661375348,3.605216931,17.15636243,6.154153558,4.189735309,1.547745856,5.897540875,19.0677405,43399.44038,0.8279686,15.35556464,15.89632959,2,1.1114092849109856,1,1.1172733033410618,1,3
110.jpg,4.316482871,4.316482871,3.369223851,16.83229702,5.551665798,3.660986825,1.561158689,5.99280823,19.23652127,43597.37665,0.840319839,14.79149717,15.196175,2,1.1428339962836518,1,1.137971148325616,1,3
111.jpg,4.186786603,4.186786603,3.629442018,16.86227712,5.759422769,3.566001258,1.778897212,5.439577626,19.8161293,43838.72374,0.818798493,14.29796628,15.41689614,4,1.1751751651914495,1,1.1793479429019889,1,3
112.jpg,4.042660433,4.042660433,3.346705851,15.99222242,5.126881811,3.539835858,1.630817585,5.20596021,19.16323939,40803.49282,0.830947866,14.30105028,13.76630641,4,1.1982849466897298,1,1.1182551006316719,1,3
113.jpg,4.520287359,4.520287359,3.502470769,16.51627814,6.171917861,3.73318793,2.036642046,5.515037255,19.825981,43548.75326,0.830009447,14.43655773,15.0758536,4,1.2003903562258609,0,1.1440593006238753,1,1
114.jpg,4.570558909,4.570558909,3.931933499,17.18185712,6.057061035,4.078901944,1.77929908,5.446552938,19.92515607,45912.32793,0.83697341,15.54779709,15.3242668,2,1.1596625400176765,1,1.10509913530136,1,3
115.jpg,4.643372084,4.643372084,4.139822157,17.43961163,6.408054751,4.347674012,1.597812203,7.377647867,20.88161006,48928.83766,0.838529393,16.30891446,15.81265169,2,1.1973666904416034,1,1.0693300080010353,0,2
116.jpg,5.341001028,5.341001028,3.534759281,17.8402871,5.113849062,4.924294982,1.710945637,6.571650676,21.25723333,50750.45233,0.835190453,16.8190142,16.34678773,2,1.1915297781278418,1,1.0607213293154838,0,2
117.jpg,3.524528392,3.524528392,2.799399695,14.91147143,5.616919457,3.428404028,1.402548195,6.372854892,19.55488247,40124.34548,0.858788921,13.89301435,12.95547886,4,1.311398580736844,0,1.0733071351070764,0,0
118.jpg,4.61897769,4.61897769,3.980540589,17.4347182,5.898369509,4.062954261,1.915847294,5.489335249,20.87056999,48542.89399,0.832588877,15.79757721,15.18843432,2,1.197069533937176,1,1.10363240946616,1,3
119.jpg,3.747803999,3.747803999,3.31481949,15.7312087,5.699475892,3.809595089,1.295994915,5.627608916,18.8522336,39437.71616,0.82992918,14.83308056,13.52245039,4,1.1983970182787036,1,1.0605489963037051,0,2
120.jpg,4.247284089,4.247284089,3.296314598,16.35041484,5.272871377,3.435667263,1.721352145,5.309208996,18.30941572,39556.98781,0.82465849,14.18028239,14.54918272,2,1.1198135276181165,1,1.153038732961368,1,3
121.jpg,5.343204356,5.343204356,3.926913158,19.41364918,6.036720561,4.327634738,2.155423251,6.353202889,22.67142866,59036.37964,0.837120223,17.08397856,17.84112027,2,1.1678087128182049,1,1.1363658126716827,1,3
122.jpg,4.862350749,4.862350749,3.51285536,16.95967675,6.627128661,4.26790624,2.013881666,5.886011643,20.06639914,44746.61443,0.82059213,15.09957533,15.93828367,2,1.1831828775863904,1,1.1231889890508595,1,3
123.jpg,4.256367812,4.256367812,3.584183068,16.64374308,6.165435302,3.750184952,2.046354292,5.435614829,19.40518961,42630.2184,0.823764072,14.46201386,14.8995399,4,1.1659149938043865,1,1.1508592953319157,1,3
124.jpg,3.600414237,3.600414237,3.589971332,13.91444703,5.114713278,3.401536107,1.072455978,5.820413571,17.40729896,32787.70541,0.844827159,12.94889167,12.31285325,4,1.251023409156634,0,1.0745666412699242,0,0
125.jpg,4.599509625,4.599509625,3.744588233,15.71810229,5.757393884,3.902778827,1.401886562,6.49475727,18.52849918,38910.33343,0.833832429,14.33493322,14.53282286,2,1.1788000127590468,1,1.0964893975278664,0,2
126.jpg,4.045385779,4.045385779,3.739261014,16.40492852,5.926727096,4.021716491,1.170627758,6.162364285,19.73902681,43354.88194,0.83558784,15.37645996,14.28634889,2,1.2032375993552942,0,1.0668859127962766,0,0
127.jpg,4.56183031,4.56183031,3.674965867,16.92964749,6.105935179,4.000992533,1.375012469,5.423164144,19.20420932,43605.58552,0.837051075,15.45890652,15.3178833,2,1.13435376202272,1,1.095138745298526,0,2
128.jpg,4.499889556,4.499889556,3.650828707,16.57308369,5.847697776,3.841796155,1.470330908,6.118723085,19.19834496,41673.72003,0.817427677,15.01261208,14.55674144,2,1.1584051175451464,1,1.1039440439601367,1,3
129.jpg,4.915001414,4.915001414,3.816893539,17.36942472,5.530053632,4.104754458,2.113955489,5.559823204,19.02780054,43754.35084,0.826230842,15.0608029,16.2973036,2,1.095476726876882,1,1.1532867693262223,1,3
130.jpg,4.503362751,4.503362751,3.293167848,16.67957366,5.357853385,3.52260871,1.695617462,5.217599901,19.38002689,43559.7221,0.841007681,14.66284936,15.03309708,2,1.1619018138620698,1,1.137539727135272,1,3
131.jpg,4.328220094,4.328220094,3.080876222,15.8288102,4.598433573,3.362576858,1.693936945,4.916112373,17.46491223,36782.40473,0.830385243,14.00458921,13.48190051,4,1.1033622874573352,1,1.1302588003579148,1,3
132.jpg,4.282439178,4.282439178,3.488670659,17.11116083,5.94837283,3.959832323,1.763419889,5.749653854,19.6809638,45049.3032,0.834865327,15.42446976,15.12698905,2,1.1501828540758332,1,1.1093516403639407,1,3
133.jpg,4.117064955,4.117064955,2.935179021,15.34262624,5.015554133,3.654731836,1.503219938,4.783186923,18.97272206,38383.31955,0.822938469,14.28596312,12.63416352,4,1.2366019847720673,0,1.0739651300457789,0,0
134.jpg,4.540999287,4.540999287,3.675233505,16.37764461,5.410701947,3.612999311,1.536327439,6.534876645,19.96900108,45023.49498,0.859182858,14.92508081,14.45852731,4,1.2192840640715308,0,1.097323680755334,0,0
135.jpg,4.01266321,4.01266321,2.983694223,15.89934062,5.163342209,3.82096024,1.310914191,5.151316046,18.49099131,39013.8506,0.828197072,14.62145866,13.72195481,2,1.163003658575622,1,1.0873977070082554,0,2
136.jpg,4.384121965,4.384121965,4.003778452,15.97094047,6.079957296,3.672441756,1.71420904,5.50894529,19.22071916,41182.48225,0.837272021,14.25717988,14.69862085,4,1.2034807340309372,0,1.1202033364539412,1,1
137.jpg,4.640246374,4.640246374,3.878312382,17.89482245,5.905592298,4.055320209,1.548275546,5.836246694,19.41875875,46485.39863,0.834875818,16.3468392,15.69625497,2,1.085160738770001,1,1.0946961813877754,0,2
138.jpg,3.564052223,3.564052223,3.680853436,14.8699004,5.465055412,3.318565052,1.693395963,6.621436385,18.52726635,37711.61751,0.85429908,13.41380481,13.07354527,4,1.24595766290405,0,1.1085520186572626,1,1
139.jpg,4.068744956,4.068744956,3.475734515,16.06712043,6.390980008,3.900129128,1.19156562,5.261431655,18.89171914,39864.50254,0.81965483,14.48231,14.48103686,2,1.1757999339275507,1,1.1094307765819127,1,3
140.jpg,4.198378159,4.198378159,3.502351351,16.57459542,4.496422021,3.672564595,1.773143919,5.523541033,18.09776475,40732.33082,0.847472413,15.30119333,14.26919928,4,1.0918978286590357,1,1.0832224038045013,0,2
141.jpg,4.065624906,4.065624906,3.020461185,16.05813547,5.129746221,3.262390743,1.730555302,5.627247663,18.21195476,38672.90319,0.825295122,13.98011671,14.02104318,2,1.1341263619318565,1,1.1486410166027863,1,3
142.jpg,4.311842579,4.311842579,3.468140769,16.45483664,5.384281542,3.784844366,1.724086184,5.637232982,19.0006756,41826.83469,0.834923268,14.52888169,14.91449169,2,1.1547167568841936,1,1.1325604400320504,1,3
143.jpg,4.83296712,4.83296712,3.343676946,17.10223379,5.69727696,4.229127266,1.434211675,5.721400159,19.07392317,43753.59206,0.83709554,15.74465357,15.27945919,2,1.1152884122747102,1,1.0862248390518254,0,2
144.jpg,3.880645283,3.880645283,3.006420497,15.01391271,4.637329204,3.299593835,1.219430787,5.033690225,17.9410291,36439.34795,0.844274247,13.13804516,13.5530192,4,1.1949602642920922,1,1.1427813291212647,1,3
145.jpg,3.546011149,3.546011149,2.960918359,12.63925044,4.160862612,2.949232716,1.404859781,4.150856077,15.16113496,25589.18929,0.833408022,10.95070956,11.92925381,4,1.1995280125171728,1,1.154194654761714,1,3
146.jpg,4.376488768,4.376488768,3.049056308,16.35086464,5.556265416,3.776829617,1.30983165,5.149806482,18.9714992,41869.91518,0.84239133,15.44950387,13.86479252,2,1.1602749834763477,1,1.058342376401502,0,2
147.jpg,4.492673877,4.492673877,3.516710074,17.7232268,4.621447895,3.863015436,1.528215495,5.798039865,18.36503675,43555.78217,0.835151764,15.78909362,15.20298533,2,1.0362129287878887,1,1.1224980500178958,1,3
148.jpg,3.97011334,3.97011334,3.215436155,15.54622017,5.466270117,3.431069114,1.808569507,5.993424612,18.49879989,38852.90573,0.843158687,13.60132384,14.5927121,2,1.1899226749469096,1,1.1429931639654276,1,3
149.jpg,4.891602018,4.891602018,4.042333045,18.49952913,6.433756471,4.653608036,2.005887446,6.087551664,21.87779429,55073.46818,0.84924383,17.88039335,15.74745178,2,1.18261357552726,1,1.0346265189965747,0,2
150.jpg,4.067913,4.067913,3.555922565,15.62556518,5.806301566,3.632372005,1.490919073,5.30593526,18.13967649,36508.06611,0.803855039,13.54573923,14.38243836,2,1.1608973039399526,1,1.1535409706835174,1,3
151.jpg,5.173163569,5.173163569,4.02277885,18.54477862,7.102652799,4.661775402,2.170173413,6.25425152,22.25389069,54796.70914,0.828668931,16.17875027,17.46390189,2,1.200008430728843,0,1.146242961323613,1,1
152.jpg,5.376183175,5.376183175,4.482277194,20.14301753,7.280255378,4.801537133,1.839267143,6.350549801,23.17731122,62074.45705,0.829811653,18.13687453,18.22736942,2,1.150637494381409,1,1.1106112851297318,1,3
153.jpg,4.619915899,4.619915899,3.578935826,17.52892342,6.073884614,4.262985045,1.536573416,5.766731499,19.87134726,46741.082,0.837472177,16.10588235,15.74075682,2,1.1336319284347698,1,1.0883553622878661,0,2
154.jpg,3.900614118,3.900614118,3.161164877,14.69377768,5.245049174,3.279492018,1.229942769,5.233923947,17.29858471,33962.66458,0.833896021,13.23417747,13.15621627,4,1.1772727944254564,1,1.1102902098229155,1,3
155.jpg,5.656249907,5.656249907,4.2494163,19.97537077,6.548824568,4.489292006,2.133911534,6.653769918,23.01114799,61476.0702,0.83469372,18.01666428,17.66153289,2,1.1519760136096837,1,1.1087163783239458,1,3
156.jpg,5.048278242,5.048278242,4.542295819,19.71892755,6.308107824,4.757601557,1.979777676,6.449272728,22.94559763,61234.59911,0.844633683,18.31767184,17.04319094,2,1.1636331424119464,1,1.0764974786228074,0,2
157.jpg,4.512200614,4.512200614,2.871367208,15.49260383,4.490333104,3.764567913,0.972154165,4.92343255,18.38902043,38097.26067,0.834574136,14.25752538,13.23615689,4,1.1869547967392902,1,1.086626424788451,0,2
158.jpg,3.491753428,3.491753428,3.414537536,14.51627434,5.616197626,3.575052475,1.263001007,5.529557439,18.1416075,35154.36715,0.833110356,13.55164908,12.6377837,4,1.2497426732980852,0,1.0711813930766276,0,0
159.jpg,3.790585748,3.790585748,3.429358848,16.18678921,6.143190255,3.704510389,1.717802762,5.646518824,18.93718482,40854.54889,0.831799152,14.71550861,14.31399127,2,1.1699160700938045,1,1.0999816342739377,0,2
160.jpg,4.162604446,4.162604446,3.194829715,16.01247108,5.732769966,4.109612377,1.165003928,5.687541102,18.50807829,38493.97457,0.810638547,14.61597176,14.72608276,2,1.1558539714158846,1,1.0955461150945738,0,2
161.jpg,5.336150039,5.336150039,4.097835955,19.61933093,6.999008104,4.839037599,1.965810586,7.631988288,23.47829506,61660.55137,0.835431483,17.66229882,18.14727543,2,1.1966919332656367,1,1.1108027969600391,1,3
162.jpg,4.669176313,4.669176313,4.141631673,17.34424235,6.10034122,3.889462494,2.091125686,6.563947167,20.71031289,47876.72538,0.831833923,15.29405542,15.68774216,4,1.1940742335164616,1,1.1340512292978209,1,3
163.jpg,4.028351025,4.028351025,3.257415344,15.55634406,4.794805177,3.252108285,1.508185923,5.223433632,18.65894134,38649.79263,0.831011075,13.96263375,13.41220928,4,1.1994425726271831,1,1.1141410953359714,1,3
164.jpg,4.299521056,4.299521056,3.870339492,16.89680725,6.313632799,3.914920372,2.232310601,5.774979057,20.02576141,44838.34287,0.827008644,15.09812409,15.26626647,4,1.1851802008335037,1,1.1191328902370943,1,3
165.jpg,4.768770778,4.768770778,3.608717156,17.30986883,6.113904265,3.848486013,2.426621576,5.385776163,20.88657616,47518.81888,0.820273704,15.43856266,15.11240046,4,1.2066282168355404,0,1.121209869805328,1,1
166.jpg,4.581078783,4.581078783,3.584882059,17.77867053,6.259703995,4.581020158,1.735133103,5.900144857,20.81365915,49355.63371,0.832421321,17.0448809,15.30347259,2,1.1707095373008187,1,1.0430504404404493,0,2
167.jpg,3.693028886,3.693028886,2.942879406,14.85356358,5.407053692,3.268754196,1.714521377,5.388329918,18.67055477,36872.79841,0.82979803,12.95558867,13.35947851,4,1.256974777092515,0,1.1464985465612194,1,1
168.jpg,4.802028216,4.802028216,4.051350379,18.06942994,6.429091907,4.127052713,1.763182888,6.004817519,21.22395207,51106.19151,0.831681408,15.82352184,16.64047489,2,1.174577844485115,1,1.1419347805570443,1,3
169.jpg,3.573291734,3.573291734,2.865004094,14.46477427,5.621444042,3.410421591,1.240631131,5.874553572,18.15437299,34921.99891,0.829966116,13.03990021,13.06052187,4,1.2550747527151005,0,1.1092703193316844,1,1
170.jpg,4.751943932,4.751943932,4.21840024,17.77162593,6.913457153,4.184283885,1.828965326,5.789934676,20.76313882,48308.52785,0.817067271,15.15720228,17.00537157,2,1.1683308495116407,1,1.1724872177400274,1,3
171.jpg,3.889695519,3.889695519,3.759380317,16.22903477,5.51198448,3.668476214,1.561192888,6.837964196,19.51927135,43048.59786,0.848119211,14.32145072,14.64681967,4,1.2027376628758066,0,1.133197682783354,1,1
172.jpg,4.313130495,4.313130495,3.633189553,15.91923612,5.523122674,3.491957754,1.338614735,6.08983583,18.43123771,39257.59134,0.835028133,14.11372012,14.2589107,2,1.1577966160602435,1,1.1279263004118578,1,3
173.jpg,4.810942713,4.810942713,3.399435165,16.87766634,5.602088152,4.124977376,1.381518516,5.78751908,19.54474439,44278.40381,0.837729381,15.51405647,15.18324377,2,1.1580241009788799,1,1.0878951209592962,0,2
174.jpg,3.778814559,3.778814559,2.881258029,14.85175255,5.568369895,3.453652645,1.544281249,5.643568348,18.37398628,37031.80114,0.846930797,13.69718663,13.15387155,4,1.2371594677558777,0,1.0842921945351343,0,0
175.jpg,3.187831212,3.187831212,2.88068639,14.36918889,5.659908038,3.099227108,1.9071472,6.210898101,18.80847905,35914.32602,0.829346415,12.65584379,12.88385188,4,1.3089450764398713,0,1.1353797604039486,1,1
176.jpg,3.836570752,3.836570752,3.189111284,15.46990968,6.048221083,3.700837493,1.328734936,5.109957935,18.98517451,39360.40515,0.836394891,14.15835721,13.55143982,4,1.2272324081209502,0,1.0926345091133636,0,0
177.jpg,4.582861042,4.582861042,3.184703196,16.81772063,6.440923324,4.25173241,1.49759645,6.74536578,21.14044709,47816.61796,0.839366702,15.32532318,15.12097341,4,1.2570340270897935,0,1.0973811405130838,0,0
178.jpg,4.487779033,4.487779033,3.689823416,16.89621519,6.384050907,3.902342931,1.986643681,5.844926811,20.71519984,46553.62963,0.830097623,14.90744422,15.45824611,4,1.226026042344694,0,1.1334079095417202,1,1
179.jpg,4.37010516,4.37010516,3.493964772,16.14783506,6.231436151,3.855867612,1.840668629,5.463981563,19.22674471,41089.53013,0.825971939,14.30749561,14.85680704,4,1.190670120084816,1,1.1286276438703726,1,3
180.jpg,4.142904657,4.142904657,3.189233232,16.43698286,4.761691719,3.700384295,1.551210905,5.091718954,17.96469709,40183.71734,0.849302283,15.36540094,13.90992114,2,1.092943713758913,1,1.0697399257060975,0,2
181.jpg,4.165656845,4.165656845,3.384867163,16.6880861,5.380665769,3.692244081,1.308455358,5.438608748,19.22040736,43578.73624,0.847929402,14.97896322,14.57822703,2,1.1517442590375897,1,1.1141015472765143,1,3
182.jpg,5.093436501,5.093436501,4.157381629,17.63330288,6.26003742,4.153509281,1.351773284,5.681418767,19.86150143,46643.2104,0.831183425,15.81699591,15.94142049,2,1.1263630849627873,1,1.1148326129901616,1,3
183.jpg,4.605926902,4.605926902,4.206042896,17.58573224,7.177505368,4.328894314,2.4131878,6.238036499,21.6194164,50355.74504,0.826606443,15.75600407,16.3202487,4,1.2293725450240336,0,1.1161289475346017,1,1
184.jpg,4.428099515,4.428099515,3.724835298,17.2122146,5.909980416,3.912676673,2.237750195,5.527942071,20.37298219,46168.68757,0.821694451,15.13289353,15.0992073,4,1.183635148843659,1,1.1374040639272243,1,3
185.jpg,4.067305469,4.067305469,3.497752633,16.45249985,5.617902108,3.668187302,2.029534074,5.285040123,19.84076973,43043.91495,0.822953952,14.63592686,14.15720732,4,1.205942556504567,0,1.1241173864406697,1,1
186.jpg,3.858258826,3.858258826,3.42223417,15.43209591,5.567731233,3.96887199,1.281213954,5.423594237,18.62246874,38120.10824,0.827839491,14.10118882,14.00858652,4,1.206736197636812,0,1.0943826160325112,0,0
187.jpg,4.233545689,4.233545689,3.169702642,16.35978526,5.308287338,4.003399742,1.098306054,5.41671268,19.91390089,43547.81529,0.834231558,15.32307256,14.2430786,2,1.2172470832297466,0,1.0676569725778287,0,0
188.jpg,3.904614323,3.904614323,3.007307278,15.01795332,5.520278147,3.429633459,1.412376098,5.719484,17.5280769,34551.91526,0.819183674,13.14878989,13.64682919,2,1.1671415223176362,1,1.1421547872950306,1,3
189.jpg,3.941950029,3.941950029,2.960982683,16.29044702,5.909374258,3.624394861,1.768517968,6.568549313,20.1587487,44346.15571,0.842778771,14.57307052,14.28880384,4,1.2374582892201078,0,1.1178458923699766,1,1
190.jpg,4.3357396,4.3357396,3.338691532,16.30817546,6.04571179,3.747097665,1.426399064,5.800187993,18.7575723,40420.75924,0.824663257,14.3934258,14.64518368,2,1.1501944129806412,1,1.1330294598802184,1,3
191.jpg,3.35586333,3.35586333,2.801692501,14.60592592,5.781008516,3.260663623,2.017410798,6.641731871,19.24934397,38784.76958,0.860935015,13.14088651,13.12361825,4,1.3179132959754187,0,1.1114871062074183,1,1
192.jpg,5.409281824,5.409281824,4.666966313,21.04492637,7.096877736,5.016586534,2.29503409,7.022755791,23.70163878,67157.8456,0.840282178,19.08693751,18.72378933,2,1.126240043005672,1,1.1025826620417327,1,3
193.jpg,4.079473299,4.079473299,3.287880365,16.81353716,5.841078845,3.650098261,2.0028353,6.338648698,21.05788073,47411.30614,0.835722997,14.67774309,15.00383094,4,1.2524360894206987,0,1.1455124304127604,1,1
194.jpg,2.940166136,2.940166136,2.040126694,13.10728379,5.320322866,3.041308599,1.849607446,6.202776418,18.83348234,35007.68367,0.885063084,12.02530969,11.42632274,4,1.4368714862471135,0,1.0899747389374719,0,0
195.jpg,3.631477063,3.631477063,2.895623549,14.70207948,5.839076809,3.408331624,2.10606385,6.239371483,19.56709174,39020.9252,0.846538467,13.37732023,12.92478883,4,1.3309064045408083,0,1.0990302412757595,0,0
196.jpg,4.596357702,4.596357702,3.497907818,16.96699084,6.245250379,3.948857095,1.503864269,5.361550906,20.15643525,45556.13838,0.831347381,15.2148223,15.03048561,2,1.1879793794949676,1,1.1151619457297244,1,3
197.jpg,4.635251178,4.635251178,3.785440384,17.511921,6.991272582,4.322609188,1.726945279,5.703193914,20.96708396,47589.13749,0.808891353,15.74411114,15.49598037,2,1.1973034802977924,1,1.112283878351738,1,3
198.jpg,4.379149404,4.379149404,3.743093108,15.70443672,6.000993457,3.839326292,1.698648153,5.510111399,18.35186787,38055.41738,0.824077458,13.63838975,14.90350732,4,1.1685785486739826,1,1.1514876028528223,1,3
199.jpg,6.31505741,6.31505741,4.549716325,21.94108475,6.953343355,5.197988326,2.117936506,7.277213679,25.61309779,75774.43938,0.841505022,19.66327233,20.10255572,2,1.1673578622861844,1,1.1158409638931142,1,3
200.jpg,4.464109354,4.464109354,3.802860629,16.31687697,6.105192143,3.854762582,1.752922922,6.533600098,20.03228887,43751.44147,0.835370117,14.92266092,14.40004625,4,1.227703616741801,0,1.0934294531970106,0,0
201.jpg,3.644235674,3.644235674,2.984307039,14.03040348,5.506385686,3.406161785,1.325630381,5.008419254,16.81248509,31608.44208,0.836286721,12.72834896,12.60467527,4,1.1982894942376952,1,1.1022956334786096,1,3
202.jpg,3.75355014,3.75355014,3.148051643,15.29683954,4.66465579,3.436327722,1.285151444,5.362061797,18.41248149,37593.27827,0.833010254,13.89103705,13.26776773,4,1.2036788018762208,0,1.1012021265899654,1,1
203.jpg,3.612438778,3.612438778,3.297312004,13.31962921,4.397166592,2.994893628,1.337286878,5.857629926,16.65027637,30919.01574,0.870094175,12.59568187,11.35428886,4,1.2500555464036074,0,1.0574758355658598,0,0
204.jpg,4.235859307,4.235859307,3.946458108,16.87255926,6.609741153,3.987707566,1.345011262,6.642484849,19.2655087,42236.35438,0.810922153,15.12192123,15.46627749,2,1.1418249243120455,1,1.1157682283470007,1,3
205.jpg,3.548045717,3.548045717,3.662153689,14.19960339,5.828379179,3.442083951,1.518798595,6.603711043,18.92707908,37107.92965,0.861709927,13.1362823,12.54862311,4,1.332930122071529,0,1.0809453592513005,0,0
206.jpg,3.526668863,3.526668863,3.131184579,14.113159,5.565897095,3.228185373,1.51821762,4.731011711,17.4127152,32585.60987,0.82754059,12.05746084,12.95075203,4,1.2337928878998672,0,1.17049179651327,1,1
207.jpg,3.54189293,3.54189293,2.513019004,13.56537452,4.979731366,3.073234073,1.30643509,5.17138138,16.890898,31242.85206,0.850981908,12.00220105,12.44105014,4,1.245147929760217,0,1.1302405670000004,1,1
208.jpg,3.234371878,3.234371878,3.534679029,14.05645761,5.361067109,3.274292048,1.476705926,6.499943724,18.30192268,35982.67301,0.87292112,12.82072151,12.52866764,4,1.3020295146751415,0,1.09638584685239,0,0
209.jpg,4.920065514,4.920065514,4.920726549,18.37101412,7.410504538,4.411115301,1.386803182,8.425322248,21.19207026,52312.3793,0.838594751,16.62844152,16.90109421,2,1.1535601748261026,1,1.1047947035748424,1,3
210.jpg,4.388429458,4.388429458,2.779411879,16.79459988,6.668297794,3.844981182,2.210909486,7.735889137,22.12030397,50676.7193,0.851337811,14.93690557,15.07095812,2,1.3171081257102266,0,1.124369421852079,1,1
211.jpg,5.265247876,5.265247876,4.613645662,19.36880645,7.480463783,4.910607703,2.274312387,6.204508287,23.36502516,60020.51409,0.827722539,17.20383784,17.89735788,4,1.2063224040322835,0,1.1258421888263974,1,1
212.jpg,3.901373006,3.901373006,1.849054027,12.96243484,3.78971423,3.054664048,1.725809079,5.647518937,16.58084796,29882.61174,0.867719608,12.03597793,10.94256332,4,1.2791460990672952,0,1.0769739621814014,0,0
214.jpg,5.085664113,5.085664113,4.397682988,18.18411817,6.474033159,4.453168439,1.89328086,7.451528366,22.52285184,54633.08437,0.832519237,16.25111208,16.48527862,4,1.238600169083701,0,1.1189460807656926,1,1
215.jpg,4.654339121,4.654339121,3.830394611,17.23649806,5.648204161,4.067297867,1.56351635,5.447728747,19.85632352,46238.24815,0.843155503,15.90729875,15.33927538,2,1.1519929077751425,1,1.0835590838450808,0,2
216.jpg,5.049973775,5.049973775,4.143830676,19.14287622,6.705123424,4.433428613,2.086891696,6.255290883,22.19458856,56256.13794,0.826360989,16.88134903,17.31982739,2,1.1594176499355746,1,1.1339660228564092,1,3
217.jpg,3.632306498,3.632306498,2.758060666,14.70167488,5.605385757,3.377762245,1.501328531,6.508032378,18.93230931,37516.77275,0.841219342,13.12213328,13.79452332,4,1.2877654732900745,0,1.120372317998587,1,1
218.jpg,5.132229176,5.132229176,4.689226099,19.65809593,7.130202821,4.596434783,2.455981024,6.226221629,22.78014742,59618.24109,0.830874368,17.57092753,17.93456094,2,1.1588175935816585,1,1.1187853285739437,1,3
219.jpg,4.858157126,4.858157126,3.098248794,18.46902805,7.101424992,4.131017733,2.021445723,7.948112434,23.04231432,57765.38742,0.847133265,16.22337626,16.69615949,4,1.247619217298227,0,1.138420742637698,1,1
220.jpg,5.878170093,5.878170093,4.543793663,20.56683862,6.966445736,4.688104675,2.211091366,8.151071735,22.85850523,62108.49612,0.824498421,18.0882388,19.00854661,2,1.1114253217201546,1,1.1370282561727347,1,3
221.jpg,4.647094653,4.647094653,3.018200361,16.73189413,5.769875427,3.633535783,1.68589152,6.303398686,21.04140355,48088.58394,0.852464609,15.06751384,14.68164851,4,1.2575625560690777,0,1.1104615072980082,1,1
222.jpg,5.440073122,5.440073122,4.685394084,18.9911978,7.657986002,5.126859451,1.885956682,6.947429946,21.5790154,52985.3877,0.806912265,17.23758542,17.6969047,2,1.1362640538660496,1,1.1017319037018585,1,3
223.jpg,3.95215999,3.95215999,3.652867312,14.99565043,6.228163962,3.504191082,1.398840311,5.563169035,18.37874912,36220.36466,0.820211291,13.39105177,13.54314892,4,1.22560533174552,0,1.1198261859904675,1,1
224.jpg,4.177490806,4.177490806,2.950560835,16.44831744,5.033249533,3.866898589,1.337664515,5.917080966,18.24350282,39919.93741,0.830260405,15.27355181,14.2394182,2,1.1091409736314037,1,1.0769150257002336,0,2
225.jpg,3.662034078,3.662034078,3.039841463,15.83008118,5.306666791,3.575447811,2.183673089,6.554009095,19.45530405,42294.7773,0.857076842,14.33581333,14.23194703,2,1.2290084825705232,0,1.104233210603615,1,1
226.jpg,4.051176856,4.051176856,2.756897199,16.09489572,5.644735876,3.667642462,1.469456138,6.069930157,19.81967835,43501.41378,0.851084703,14.51965836,14.12682406,4,1.231426328868442,0,1.1084899741401355,1,1
227.jpg,4.040685047,4.040685047,2.895877209,15.42228148,5.43370102,3.357557876,1.463663116,5.376681448,18.26733844,37571.36922,0.8323142,13.52672336,13.86191199,4,1.1844770479445301,1,1.1401343155730805,1,3
228.jpg,4.787032755,4.787032755,4.095006007,17.49752405,6.554815777,4.290154456,1.504614159,6.798201794,20.26861295,47326.99297,0.832841707,15.90004339,15.81409253,2,1.1583703438315893,1,1.1004702075847606,1,3
229.jpg,4.390742621,4.390742621,3.184322984,16.15463744,4.791004283,3.739129036,1.694814659,5.559728115,18.85254463,40746.76339,0.834987756,14.96565661,13.74345992,4,1.167005121595598,1,1.079447287946292,0,2
230.jpg,4.55238717,4.55238717,3.950515706,17.11045626,6.26668579,3.95390933,1.999105309,5.933458609,20.10968122,45409.54836,0.823634611,14.86723757,15.69619012,2,1.1752860890689072,1,1.15088335539391,1,3
231.jpg,4.118238749,4.118238749,2.903076948,15.44941458,5.626883725,3.531618327,1.72918217,6.240908635,18.40601324,37932.21977,0.832512347,13.95631794,14.00180724,2,1.1913728604207086,1,1.1069835644629917,1,3
233.jpg,3.871430591,3.871430591,3.361023731,16.56673784,6.103983435,4.167333297,1.357639913,5.772027399,19.36880017,41864.13785,0.814247842,15.23904108,14.69258493,2,1.1691378445812362,1,1.0871246919691353,0,2
234.jpg,4.456875282,4.456875282,3.377317463,16.69002195,5.484847996,4.061092569,1.254838609,5.662752909,19.93605544,45039.13935,0.844788756,15.95531346,14.11120943,2,1.1944894680021678,1,1.0460478881748023,0,2
235.jpg,4.338196928,4.338196928,3.814154833,16.69675804,6.116445141,3.866797469,1.820063571,7.103250862,19.6548196,44118.4235,0.839021234,15.28698708,14.38781501,4,1.1771638274276628,1,1.0922203278266915,0,2
236.jpg,4.506086289,4.506086289,3.484333265,16.5256588,5.604994066,3.950169749,1.832128846,5.447996759,18.96784651,42246.0329,0.841130357,15.28490184,14.64577526,2,1.1477815643876177,1,1.081175330596693,0,2
237.jpg,4.959733371,4.959733371,4.076148406,18.32995045,7.64046669,4.439905967,1.487894129,5.973545335,21.68904532,51694.55228,0.811516274,15.98494709,16.86598572,2,1.183257171325305,1,1.1467007270525784,1,3
238.jpg,4.865541295,4.865541295,3.725825326,17.9140257,5.187106449,4.005433439,2.12674369,5.788688833,21.0969444,50602.39248,0.835627035,15.92527205,15.85787663,2,1.1776774664334662,1,1.1248803564394996,1,3
239.jpg,4.119304537,4.119304537,3.312182969,15.91346421,5.310860081,3.401387362,1.534049108,5.4316219,18.25233508,38875.30321,0.835304473,13.75771195,14.2326923,4,1.146974338153867,1,1.156694097669344,1,3
240.jpg,4.020840825,4.020840825,3.39476055,15.08781868,5.159322152,3.474095861,1.885975042,6.160438974,18.24541805,36853.47633,0.835511378,13.55037369,13.30792184,4,1.2092813704200747,0,1.113461445800171,1,1
241.jpg,3.856918498,3.856918498,4.188567623,16.5656633,5.704813904,3.607494467,1.727730168,7.366389304,20.02964824,44949.3525,0.845464682,14.46398001,15.24318955,4,1.2091063229565941,0,1.145304631819662,1,1
242.jpg,3.723430907,3.723430907,3.471304658,14.62666337,5.733343153,3.73620633,1.110103925,5.422727304,19.04264293,37540.91477,0.841175362,13.90340816,12.74299042,4,1.3019129823591475,0,1.0520199940674115,0,0
243.jpg,4.596609626,4.596609626,3.032972902,16.50657092,5.83958569,3.913004652,1.564175102,6.725519843,18.98389042,42499.72343,0.846443951,14.79216064,15.41214063,2,1.1500808079404539,1,1.1158999230554598,1,3
244.jpg,4.630581053,4.630581053,4.040680683,19.06643137,6.965737436,4.664717521,2.249820884,6.638226372,23.67682711,60792.95604,0.840455119,17.57302284,16.62380408,4,1.2418069564530156,0,1.084983018778117,0,0
245.jpg,4.249805551,4.249805551,3.513862537,17.21668092,6.37109383,4.093591621,1.477958483,6.287531829,20.88731946,46841.7459,0.81293368,15.32155865,15.35244387,4,1.2132024492442064,0,1.1236899138848384,1,1
246.jpg,4.055733029,4.055733029,2.766590784,14.8832542,5.278679502,3.183877057,2.050623354,6.2515101,19.07715311,38595.53811,0.848359287,13.17412845,13.45936363,4,1.2817864193974462,0,1.1297334967156785,1,1
247.jpg,4.086648355,4.086648355,3.127894083,16.83221177,5.769804387,3.926008723,1.627418413,6.681759224,20.91558114,48340.78925,0.856952592,15.54374712,14.70825529,4,1.2425925615597218,0,1.0828927954149579,0,0
248.jpg,5.059791384,5.059791384,3.70808909,18.40100256,6.575902922,4.438037481,1.379469275,6.005706612,20.99393282,51446.94981,0.831148308,16.92118497,16.67678649,2,1.1409124449358266,1,1.0874535437455242,0,2
249.jpg,4.757037871,4.757037871,3.522104224,17.14999355,5.840537457,3.843835538,2.026340911,5.476825692,19.89202597,45837.89549,0.838563344,15.43440009,14.95293545,2,1.1598853324350082,1,1.1111538802931213,1,3
250.jpg,4.561218663,4.561218663,3.731010185,17.69264325,6.15887878,4.00016683,1.571757894,5.52245342,20.4187907,48182.05343,0.832370633,16.04802404,15.43533664,2,1.1540836726021704,1,1.1024811033371307,1,3
251.jpg,5.547258415,5.547258415,4.471482088,20.77066277,7.339656505,4.804881361,1.652130801,6.232926022,22.14146373,61761.01034,0.838130976,19.12050623,18.38673815,2,1.065996977331889,1,1.0863029733705958,0,2
252.jpg,3.995435317,3.995435317,3.3238536,15.33730141,5.941499579,3.761146602,1.560884989,5.0177361,18.98074329,39276.32036,0.842020778,14.00810395,13.73464699,4,1.2375542986737196,0,1.0948877496015441,0,0
253.jpg,4.367590515,4.367590515,3.197473604,16.84687301,5.410705263,4.047934702,1.306239564,5.651841543,20.0099052,45395.7988,0.840437674,15.76881157,14.60263279,2,1.1877518865443148,1,1.0683666892215897,0,2
254.jpg,3.30618003,3.30618003,3.042092764,13.21509473,5.587224382,3.316059683,1.526425802,5.538451891,17.31308482,29741.69057,0.811288082,11.97287349,11.96979376,4,1.3100991838293088,0,1.103752974675422,1,1
255.jpg,4.116236982,4.116236982,3.601254512,15.75833564,5.799276502,3.688973486,1.988795511,5.395269035,18.37238239,37797.94948,0.814791707,13.78029817,14.76381104,2,1.1658834289177507,1,1.143540977531693,1,3
256.jpg,4.766051504,4.766051504,3.722652587,18.25926169,5.943417517,4.184628883,1.889187941,6.379282368,22.74714134,55867.11254,0.8394607,16.75774927,15.37382267,2,1.245786479551792,0,1.089601079226554,0,0
257.jpg,4.332652987,4.332652987,3.300250207,17.21064855,5.691773358,4.136682678,1.608301465,5.640633789,19.10894789,43884.57314,0.832783379,15.78391571,15.15722943,2,1.1102979550413283,1,1.0903915648191205,0,2
258.jpg,4.109947051,4.109947051,3.025611158,15.04440984,5.035245985,3.534325853,1.326955478,4.906448563,17.90535004,36439.37674,0.844242383,13.57736421,13.45762191,4,1.1901663295819915,1,1.1080508416294446,1,3
259.jpg,4.028100261,4.028100261,3.442428992,15.19392896,5.465686983,3.453203671,1.519766309,5.967112821,18.97336947,39177.7765,0.848163173,13.63334361,13.66947314,4,1.2487467540456372,0,1.1144682767956728,1,1
260.jpg,4.267745536,4.267745536,3.233357196,17.1126413,5.896897542,4.220365793,1.186588585,5.793380829,19.83458981,45595.29228,0.8383665,15.97808222,15.36945728,2,1.159060688661779,1,1.0710072125289138,0,2
261.jpg,4.167501368,4.167501368,3.317008058,16.71326902,4.597785203,3.426925619,1.622211027,5.278373423,18.37205835,41193.66506,0.837269741,15.02647627,14.03985613,2,1.0992498432242672,1,1.1122547109309746,1,3
262.jpg,4.269200689,4.269200689,3.463586137,16.25577506,5.163209283,3.623908699,1.747189641,5.286274523,18.54772388,40346.00655,0.835134517,14.33643431,14.12566786,2,1.140992897080602,1,1.1338785299397087,1,3
263.jpg,2.815726967,2.815726967,2.605461009,13.30321033,5.178350554,2.654143812,1.79517334,6.052446867,18.22233358,32942.76358,0.848113082,11.64814475,11.8885987,4,1.3697696366498024,0,1.1420883424375372,1,1
264.jpg,3.687029312,3.687029312,2.899707184,14.83325213,4.971264886,3.119218322,1.474912952,5.884505025,18.02573164,36448.77763,0.850761583,12.82409041,13.43447394,4,1.21522451597403,0,1.1566708948365874,1,1
265.jpg,4.113792156,4.113792156,3.616616956,15.94976753,5.666901898,3.540411949,2.419076306,5.732117334,19.15230765,41387.36696,0.845564056,14.31008111,14.23686573,2,1.2007891409060556,0,1.1145826084000443,1,1
266.jpg,4.034713835,4.034713835,3.20617385,15.55147017,4.923639592,3.272082976,1.82316248,5.304316063,18.33120406,38369.35835,0.839994177,13.74312064,13.70944937,2,1.178744122556485,1,1.1315821622591824,1,3
267.jpg,4.42081925,4.42081925,3.506871386,15.77654612,5.853680888,3.6803057,1.722153769,5.375268551,18.66462013,38836.17274,0.823113112,13.36886965,15.09258125,2,1.1830612345714107,1,1.1800957398069927,1,3
268.jpg,4.085220758,4.085220758,3.390210028,15.87273557,5.783589859,3.527725538,1.252392373,5.088756166,18.77815627,39451.24855,0.826057359,13.81076346,14.31587736,2,1.183044736503476,1,1.149301819263799,1,3
269.jpg,3.752416953,3.752416953,3.12328978,15.2433386,4.992764672,3.225267423,1.272770878,5.624250935,18.22137601,37088.11777,0.833350516,13.85611842,13.2408171,4,1.195366480280114,1,1.1001160742100529,1,3
270.jpg,3.947918973,3.947918973,2.644535208,15.9360351,6.505529555,3.595840569,2.136325068,7.423982656,21.04217835,45949.20769,0.855187284,14.09036509,14.55286785,4,1.3204149098542084,0,1.1309880899615496,1,1
271.jpg,5.614429433,5.614429433,3.970125104,19.09228264,5.579705005,4.356461681,2.776771395,6.248013883,22.70510512,58668.7363,0.844655364,17.11694885,16.68246013,2,1.1892294676400201,1,1.1154022137537674,1,3
272.jpg,4.102745481,4.102745481,3.656851142,16.66764191,5.75565951,3.492905661,1.634454103,5.28657238,20.52709657,45472.95106,0.829479458,14.76691326,14.56498536,4,1.2315537303260915,0,1.1287153663419027,1,1
273.jpg,4.078736455,4.078736455,3.470235345,16.47765553,6.028013502,3.820984449,1.910275669,6.299134891,19.34019969,42052.19664,0.823543409,14.51305223,14.92056391,4,1.1737227820297806,1,1.1353680307123102,1,3
274.jpg,3.863454265,3.863454265,3.364566181,15.82984962,5.516309261,3.587330852,1.32502861,4.903118488,19.13392216,40839.00816,0.841489258,14.4148406,13.76680754,4,1.2087241900153947,0,1.0981633484035889,0,0
275.jpg,4.177212908,4.177212908,4.167099938,16.62839833,5.67512412,3.795719042,2.30458868,6.563182419,20.03069994,44438.35577,0.832656007,14.56666372,15.3164186,4,1.2046078968328395,0,1.1415378737115516,1,1
276.jpg,4.151459652,4.151459652,3.237582934,15.16848906,5.732830889,3.564276463,1.960897405,5.85644886,18.56584312,37441.79209,0.829762514,13.29261627,13.89101607,4,1.2239744543152276,0,1.1411214129631984,1,1
277.jpg,4.271272519,4.271272519,3.487886413,16.01834124,5.746890283,3.556810604,1.459365218,5.530804079,18.89286874,40282.43681,0.830719622,14.10260658,14.50520114,4,1.1794522576920705,1,1.1358425940008037,1,3
278.jpg,5.298110156,5.298110156,4.411137989,19.73633759,6.791389298,5.13939184,2.45199587,6.885985498,22.90654986,59689.45342,0.823996824,17.8674095,17.69423091,2,1.1606281943417038,1,1.1045998352475215,1,3
279.jpg,4.71927168,4.71927168,3.292564593,16.64142459,3.209239497,3.723214467,1.954957151,5.490231733,18.12699342,40648.38913,0.840971433,14.96600628,14.3926985,2,1.0892693303969119,1,1.1119482565124248,1,3
280.jpg,4.209129761,4.209129761,3.505420905,16.14695211,5.547089471,3.578682386,1.696405797,5.821315643,18.64351429,40577.77073,0.841247971,14.88589647,13.81882968,4,1.1546150730486062,1,1.0847147931292849,0,2
281.jpg,3.940052193,3.940052193,3.244512475,16.50542836,4.665337816,3.795375056,1.750209288,5.671811406,18.75361,42608.79011,0.859096016,15.4222511,13.85303115,2,1.136208621246592,1,1.0702347052305483,0,2
282.jpg,4.081158024,4.081158024,2.560320684,15.58197388,5.280012103,3.39127292,2.132648559,6.43575749,19.42710587,41321.36022,0.851918821,14.03664558,13.39976088,4,1.2467679653176262,0,1.1100924213832006,1,1
283.jpg,4.166893791,4.166893791,3.147323516,15.61786833,5.688209201,3.659553691,1.628676573,5.7232587,18.87900143,39143.98267,0.828549418,14.11632479,14.11818708,2,1.2088078239035838,0,1.1063692967070078,1,1
284.jpg,4.453202186,4.453202186,2.975870693,16.01995214,4.643124827,3.27097162,1.482244695,5.234526981,18.59480589,40518.51056,0.848896595,14.34110422,13.7358177,2,1.1607279302396218,1,1.1170654570419125,1,3
285.jpg,4.555363389,4.555363389,4.431432616,17.70796567,6.50727482,4.189344679,2.066460515,7.478829992,20.77280724,49126.79125,0.833505978,15.79087787,16.16203906,2,1.173076999759058,1,1.121404763926529,1,3
286.jpg,4.342940699,4.342940699,3.163020275,16.49187622,5.305368469,3.669314777,2.171195761,5.945978794,20.09505093,44587.0786,0.839661078,14.79806111,14.28957627,4,1.218481794426177,0,1.1144619621049803,1,1
287.jpg,3.511051158,3.511051158,2.89266792,13.73154418,4.573392591,2.937098701,1.20510283,4.585261061,16.3524529,29858.95053,0.829901284,11.5813219,12.62505226,4,1.1908677338574458,1,1.1856629406009342,1,3
288.jpg,3.764633723,3.764633723,3.484027971,15.13055542,5.88182606,3.461368316,2.072329173,5.132283174,18.03018505,35159.31621,0.80433978,12.55997163,14.25557684,4,1.1916406602078327,1,1.20466477677864,1,3
289.jpg,4.042981843,4.042981843,3.210860424,14.71619622,5.370310883,3.763595464,1.089019429,5.243726702,17.91402624,35592.37447,0.842601773,13.95645934,12.92641161,4,1.2173000395070839,0,1.054436219208016,0,0
290.jpg,4.21842482,4.21842482,3.387292122,16.99622894,5.160843824,3.558446902,1.688845131,5.318634279,18.64214339,42105.37495,0.829360419,15.08063331,14.52505091,2,1.0968399787864942,1,1.1270235533629591,1,3
291.jpg,4.245839337,4.245839337,3.011711393,15.11442758,4.793018594,3.659572926,1.096971188,5.432349552,18.22690751,37416.24407,0.847636557,14.50257898,12.89177,2,1.2059277411285199,0,1.042188951416419,0,0
292.jpg,4.397737015,4.397737015,3.452788891,16.55150512,6.102352304,4.122341151,1.272692151,5.251981931,20.01072756,44042.59805,0.829901865,15.3533622,14.64109604,2,1.2089974546073183,0,1.078037820276265,0,0
293.jpg,4.354767328,4.354767328,2.744441367,16.14092466,5.137962385,3.448076988,2.419064279,5.906416291,19.3401052,42458.19385,0.848845119,14.44821276,14.44130734,4,1.1982030526372582,1,1.1171571825607585,1,3
294.jpg,4.652015201,4.652015201,3.9371067,19.01346704,6.188865092,4.164243527,2.156790276,6.824387793,22.04470751,55750.31622,0.830110411,16.58352964,16.82968584,2,1.1594259723186182,1,1.146527153914141,1,3
295.jpg,3.81860072,3.81860072,2.681127792,14.76194263,4.881237864,3.297488048,1.426010227,5.472561321,17.69590148,35406.97458,0.845915138,13.47405983,12.79697468,2,1.1987515412800382,1,1.0955823869159709,0,2
296.jpg,3.913540357,3.913540357,3.121365991,14.51543723,5.145171497,3.709768005,1.237289008,5.231860384,17.68086017,33971.8836,0.826114601,13.42904704,12.63869027,4,1.2180728620049979,0,1.0808985318737852,0,0
297.jpg,4.198884464,4.198884464,3.565694629,15.88018015,5.911092245,4.125767447,1.26520126,5.873752778,19.62540506,41816.2382,0.837384831,14.98524906,14.20965094,4,1.2358427218472077,0,1.059720801864337,0,0
298.jpg,3.118484893,3.118484893,3.312531416,12.74200778,4.952695698,2.918854937,1.801671358,5.887122378,16.84025222,29360.50324,0.853947595,11.33613498,11.61409287,4,1.3216325488697827,0,1.1240169425011557,1,1
299.jpg,4.080861566,4.080861566,2.914043992,14.8847378,6.081706868,3.617568402,1.91024352,6.437683559,18.21515114,35414.79032,0.815201349,13.254838,14.26008894,2,1.2237468596860335,0,1.1229664066810927,1,1
300.jpg,4.168049185,4.168049185,3.308990513,16.21688766,6.06226828,4.050535928,1.188271236,5.344550569,19.82586807,42329.10568,0.821662668,14.53747755,14.82698003,2,1.222544577335994,0,1.1155227998959145,1,1
301.jpg,4.409131842,4.409131842,3.309384836,15.74415323,5.716191994,3.676361167,2.051663915,5.312959973,18.80283434,39437.45646,0.83141997,13.75348379,14.71686644,4,1.1942740943458159,1,1.144739287179543,1,3
302.jpg,4.30933507,4.30933507,3.640903986,16.74199176,5.5563976,3.6282198,1.849353487,5.447138306,18.97819461,42725.95855,0.839235754,14.68654814,15.27830439,2,1.1335685073828992,1,1.1399541676101435,1,3
303.jpg,3.840336374,3.840336374,3.134842002,16.2937475,5.289431881,3.63933803,1.901974341,5.126755815,19.07030073,41654.61408,0.836640288,14.78259006,13.83705886,2,1.1704060548379065,1,1.102225485105551,1,3
304.jpg,4.66547529,4.66547529,3.723672788,16.6617845,6.095369369,3.8844022,1.792347897,5.279727827,19.53664496,43023.60244,0.824877499,14.90862467,14.98822534,4,1.1725421703779688,1,1.117593666002459,1,3
